Latitude,Longitude,Altitude
-28.007832365962678,-115.95822001522873,-19.458114817758222
-28.007832365962678,-115.95822001522873,-19.458114817758222
-28.007832365962678,-115.95822001522873,-19.458114817758222
-28.007832365962678,-115.95822001522873,-19.458114817758222
-28.007832365962678,-115.95822001522873,-19.458114817758222
-28.007832365962678,-115.95822001522873,-19.458114817758222
-28.007832365962678,-115.95822001522873,-19.458114817758222
-27.998071006619323,-115.97678423594402,-19.458115114017076
-28.00783249782028,-115.97678416648449,-19.458115156844393
-28.007832365962678,-115.95822001522873,-19.458114817758222
-28.00783249782028,-115.97678416648449,-19.458115156844393
-28.00783249782028,-115.97678416648449,-19.458115156844393
-28.007832365962678,-115.95822001522873,-19.458114817758222
-28.01759385716364,-115.9582199457692,-19.45811486058554
-28.01759385716364,-115.9582199457692,-19.45811486058554
-28.01759385716364,-115.9582199457692,-19.45811486058554
-28.01759385716364,-115.9582199457692,-19.45811486058554
-28.01759385716364,-115.9582199457692,-19.45811486058554
-28.01759385716364,-115.9582199457692,-19.45811486058554
-28.01759341883506,-115.95821812857557,-19.558114861146777
-28.01759385716364,-115.9582199457692,-19.45811486058554
-28.01759385716364,-115.9582199457692,-19.45811486058554
-28.01759341883506,-115.95821812857557,-19.558114861146777
-28.01759341883506,-115.95821812857557,-19.558114861146777
-28.01759341883506,-115.95821812857557,-19.558114861146777
-28.017593286812666,-115.93965397616746,-19.558114524959358
-28.0273547778036,-115.93965390679347,-19.558114567733945
-28.017593286812666,-115.93965397616746,-19.558114524959358
-28.00783179603176,-115.93965404545591,-19.55811448223752
-28.00783179603176,-115.93965404545591,-19.55811448223752
-28.00783179603176,-115.93965404545591,-19.55811448223752
-27.998070173201313,-115.92108996317675,-19.55811410171591
-27.998070173201313,-115.92108996317675,-19.55811410171591
-27.988308682210373,-115.92109003255074,-19.558114058941342
-27.988308682210373,-115.92109003255074,-19.558114058941342
-27.978547059589957,-115.90252595067483,-19.55811367926522
-27.978547059589957,-115.90252595067483,-19.55811367926522
-27.968785568809054,-115.90252601996329,-19.558113636543375
-27.968785568809054,-115.90252601996329,-19.558113636543375
-27.95902407802815,-115.90252608925175,-19.558113593821545
-27.95902407802815,-115.90252608925175,-19.558113593821545
-27.949262455407734,-115.88396200688705,-19.55811321335267
-27.949262455407734,-115.88396200688705,-19.55811321335267
-27.939500964626827,-115.8839620761755,-19.55811317063084
-27.939500964626827,-115.8839620761755,-19.55811317063084
-27.939500964626827,-115.8839620761755,-19.55811317063084
-27.92973947384592,-115.88396214546394,-19.558113127908996
-27.92973947384592,-115.88396214546394,-19.558113127908996
-27.91997754638951,-115.88396039820373,-19.658113085350728
-27.91997754638951,-115.88396039820373,-19.658113085350728
-27.91997754638951,-115.88396039820373,-19.658113085350728
-27.910216055608604,-115.88396046749219,-19.658113042628877
-27.91997754638951,-115.88396039820373,-19.658113085350728
-27.92973960548445,-115.90252629675953,-19.558113465876488
-27.939501096265353,-115.9025262274711,-19.558113508598325
-27.959023772342995,-115.92108842416388,-19.658113929662463
-27.968785394762435,-115.93965250617103,-19.6581143103518
-27.998069998926567,-115.95821645035622,-19.65811477492519
-28.027354603336924,-115.97678039366107,-19.658115242229613
-28.06640069914922,-115.99534426688638,-19.658115750555403
-28.12496946943132,-116.03247033492161,-19.75811668329451
-28.173777188959413,-116.0695982873797,-19.758117572926146
-28.242107891519517,-116.10672610163968,-19.758118549956123
-28.310438595348838,-116.14385391494335,-19.758119527575737
-28.38853034759278,-116.18097983452245,-19.858120550755743
-28.46662267811449,-116.23667172360021,-19.858121910719603
-28.554476502393698,-116.2923635413972,-19.85812331682198
-28.65209137242953,-116.34805346205928,-19.95812476839923
-28.749706691999766,-116.4037452043863,-19.958126222128946
-28.866845133070015,-116.4780009502902,-19.958128103812392
-28.983983261657976,-116.57081901717702,-20.058130329925213
-29.11088320250223,-116.6450746827587,-20.0581322633219
-29.247544640308682,-116.71933027214041,-20.05813424370193
-29.38420562321763,-116.79358402710164,-20.158136229794316
-29.520867347092768,-116.90496790647458,-20.1581388982547
-29.677051784255305,-116.97922333343371,-20.158140980969414
-29.83323650866525,-117.09060705532502,-20.158143752000356
-29.999182265449534,-117.20198885833275,-20.258146573162975
-30.174889991525873,-117.31337241637178,-20.258149446316004
-30.350597727582116,-117.42475596556223,-20.258152326019
-30.536067110994942,-117.55470358157778,-20.258155601242883
-30.721536652162186,-117.70321533767031,-20.25815922791616
-30.926528565994023,-117.83316093619113,-20.358162614073322
-31.141282615815,-117.98167244214495,-20.358166399353493
-31.35603653402266,-118.11161978439077,-20.358169852131162
-31.58055161633886,-118.26012933347465,-20.458173707682228
-31.824590197858534,-118.40864056526081,-20.458177672949795
-32.058867301454264,-118.55715185890216,-20.458181600078696
-32.322429064016674,-118.72422704941772,-20.458186031893227
-32.57622868912111,-118.87273628978974,-20.55819008544855
-32.839790490451534,-119.03981144108472,-20.558194548010427
-33.11311365623453,-119.18832234536686,-20.558198729433848
-33.386436999395045,-119.3553973792952,-20.558203273114565
-33.669521337194695,-119.52247043729488,-20.658207884593807
-33.94284472291279,-119.6895454300199,-20.65821246024438
-34.23569112936979,-119.85662023462508,-20.658217157356418
-34.52853718385286,-120.0422572847421,-20.758222222455167
-34.81162213728495,-120.20933212768728,-20.758226901398174
-35.10446861478713,-120.37640686523358,-20.758231651892693
-35.39731456325262,-120.54347969058777,-20.85823641994584
-35.67063808483453,-120.71055455832197,-20.858241096733913
-35.96348463152783,-120.87762922731807,-20.858245900436323
-36.23680819939352,-121.04470405643414,-20.858250610882664
-36.51013104816517,-121.19321281718433,-20.958254982045446
-36.77369315488012,-121.3602876949803,-20.958259667947388
-37.04701661242102,-121.50879831793335,-20.95826407316224
-37.300817084350086,-121.65730910489009,-20.958268378349914
-37.56437907892428,-121.80581978287611,-20.958272752914944
-37.81817899803054,-121.95432862470058,-21.058277086124356
-38.07197952398537,-122.10283936060927,-21.058281431540202
-38.325780069077986,-122.25135007876555,-21.058285791184183
-38.56981912838706,-122.39986087794477,-21.05829010415345
-38.813857416536464,-122.52980559294876,-21.15829407555153
-39.05789650761024,-122.6783163587861,-21.158298414549343
-39.29217411185033,-122.82682720558529,-21.158302705816
-39.52645173348464,-122.9753380389068,-21.15830700976919
-39.76072918564436,-123.10528471207095,-21.158310969183525
-39.995006216107335,-123.25379358491729,-21.258315296394983
-40.21952237936843,-123.40230447516316,-21.258319574002776
-40.44403855941175,-123.55081535130182,-21.258323864685273
-40.668554564711684,-123.68076206786378,-21.2583278050003
-40.88330863035177,-123.8292710789672,-21.358332054624135
-41.10782485628597,-123.97778191435197,-21.358336378093533
-41.32257959063016,-124.12629283971557,-21.35834064936617
-41.5373343410722,-124.27480375339832,-21.358344931123384
-41.752089107804046,-124.42331465571209,-21.3583492220787
-41.966843234360795,-124.57182359548352,-21.458353526625643
-42.181598030237474,-124.72033447035584,-21.45835783997142
-42.38659133173042,-124.8688454394206,-21.458362098522436
-42.59158464889212,-125.01735639839626,-21.45836636876482
-42.79657798151256,-125.16586734590202,-21.458370648267568
-42.99180981825192,-125.31437839050582,-21.458374873372264
-43.18704119798403,-125.48145160327176,-21.558379471485075
-43.39203477810426,-125.64852666393682,-21.558384147481313
-43.57750514629144,-125.79703778406159,-21.558388333680213
-43.77273724659228,-125.96411293142742,-21.558392963877395
-43.96796936354868,-126.13118807040054,-21.558397602531727
-44.16320170542521,-126.3168273461306,-21.558402620941514
-44.33891103726906,-126.50246683018258,-21.558407514186626
-44.52438120409078,-126.68810421029715,-21.65841248303979
-44.70009056680686,-126.87374367655748,-21.65841739819613
-44.875800157338205,-127.07794728010386,-21.658422691687534
-45.04174916681573,-127.30071712615887,-21.5584282980548
-45.21745879691382,-127.50492071696823,-21.55843361581146
-45.363884321696126,-127.74625292839082,-21.558439480158768
-45.52007138166905,-127.9875850202186,-21.55844542481053
-45.64697390599855,-128.2289174468593,-21.558451175058863
-45.764114927161245,-128.4702499810846,-21.558456865537508
-45.871494443020666,-128.71158262649982,-21.55846249621171
-45.96911266858037,-128.97147952805278,-21.558468446163076
-46.047207865042,-129.23137665506806,-21.558474263663754
-46.12530328912697,-129.50983792590063,-21.55848047188435
-46.193637202292194,-129.7882993090405,-21.558486622893945
-46.24244786136491,-130.04819677481368,-21.558492266535403
-46.30101932645817,-130.30809208393373,-21.658497990935253
-46.35959268406305,-130.6051197669035,-21.55850448840738
-46.408402638645654,-130.86501518094119,-21.65851016562314
-46.457213762039586,-131.1620409286144,-21.65851661721682
-46.49626314796772,-131.44050264888617,-21.65852263147584
-46.535312758030145,-131.73752851093028,-21.658529038809753
-46.5548393193966,-132.03455460329815,-21.65853531944849
-46.58412741153404,-132.3315805812433,-21.658541683767425
-46.60365347004973,-132.64716874174465,-21.758548378301555
-46.603656981173806,-132.94419505912202,-21.758554559592532
-46.60366093109711,-133.27834966771223,-21.758561528869983
-46.623187724518885,-133.59393990027135,-21.758568269205917
-46.62319240551732,-133.92809660777266,-21.658575273198608
-46.593911757787865,-134.26225156785983,-21.65858208155059
-46.57439285851615,-134.61497055631304,-21.65858936931332
-46.545112421055286,-134.96768965973706,-21.658596605881655
-46.49630890683417,-135.32040899280855,-21.658603720548278
-46.43774384712723,-135.67312844118612,-21.658610783813785
-46.37917877698933,-136.0258478884997,-21.658617866335426
-46.33037545289741,-136.39713136428782,-21.65862543804804
-46.24252596261094,-136.768415298761,-21.658632745544956
-46.15467623847978,-137.1211350852215,-21.65863968132063
-46.06682693245075,-137.51098315947533,-21.658647436732558
-45.96921563397268,-137.86370305494108,-21.65865434359216
-45.871604317812206,-138.21642294746266,-21.65866127086717
-45.754470112303196,-138.58770721074401,-21.658668483945974
-45.63733588479167,-138.9589914694242,-21.658675720650116
-45.520201635049496,-139.3302757244749,-21.65868298038049
-45.40306714970098,-139.68299583227468,-21.658689859166913
-45.27617130866102,-140.05428019102953,-21.658697095438015
-45.14927523181373,-140.40700040070956,-21.658703948607375
-45.01261800664132,-140.79684900932432,-21.658711573673862
-44.895483432196386,-141.14956909945298,-21.658718543226982
-44.76858728551579,-141.50228929761815,-21.658725462578857
-44.651453088848925,-141.89213767113844,-21.658733299341307
-44.53431865925179,-142.26342189553287,-21.65874074865701
-44.3976611000701,-142.6347063359853,-21.658748085544133
-44.270764860995975,-142.98742651621268,-21.6587550991095
-44.14386880710276,-143.35871083857478,-21.65876255147952
-44.00721096633801,-143.71143112097732,-21.658769541434232
-43.880314864293474,-144.08271543270038,-21.65877704084665
-43.74365697452824,-144.43543570622674,-21.658784078945068
-43.59723770619275,-144.80672022479993,-21.65879149130052
-43.4508182058957,-145.15944059389705,-21.658798507672167
-43.30439867880166,-145.512160958588,-21.658805547548937
-43.157979125969845,-145.86488131653556,-21.6588126090895
-43.001797984407744,-146.2176017762527,-21.658819628669384
-42.8456168146237,-146.5703222284806,-21.658826670372974
-42.69919718145524,-146.92304256908463,-21.658833801689894
-42.552777522119875,-147.27576290404826,-21.658840955084678
-42.42588096899587,-147.62848302385322,-21.658848263024346
-42.29898439301114,-147.9812031378414,-21.658855589868274
-42.181849362117404,-148.3339231438338,-21.658863005182653
-42.084237250162886,-148.66807879392272,-21.658870137568513
-41.99638649272107,-148.9836701925147,-21.658876919368538
-41.88901258109043,-149.29926179584683,-21.65888359024774
-41.8011614007068,-149.57772489976895,-21.65888953586311
-41.71331020796577,-149.85618800321413,-21.65889549599615
-41.62545900289449,-150.13465110192038,-21.65890146670999
-41.53760758970918,-150.39455005621983,-21.658907015337824
-41.469279312271624,-150.65444880212203,-21.658912702306218
-41.38142787728478,-150.91434775120024,-21.65891827275346
-41.2935764307897,-151.17424669754988,-21.658923855824312
-41.21548635403274,-151.41558139620435,-21.658929073929897
-41.127634691779264,-151.6569161955976,-21.658934237580887
-41.03978366025824,-151.89825337315034,-21.55893941475734
-40.961693359879426,-152.12102392478263,-21.55894421895426
-40.873841472378174,-152.3437945756682,-21.558948970706616
-40.79575115345875,-152.56656512558465,-21.55895379456158
-40.698137475826975,-152.7707717284471,-21.55895805604674
-40.61028517659163,-152.95641408457593,-21.558961944314895
-40.52243305953154,-153.16062058289856,-21.558966284480768
-40.41505758231604,-153.3462631339255,-21.558970063519986
-40.327205446697235,-153.55046962897453,-21.55897441883377
-40.21006817871207,-153.7175481307229,-21.558977704003368
-40.10269248304401,-153.88462652875634,-21.558981055309708
-39.98555519568716,-154.05170502380005,-21.55898435227214
-39.85865631564569,-154.21878361264555,-21.558987594680687
-39.73175723802068,-154.3672980522966,-21.558990397166816
-39.604858150678155,-154.51581248892418,-21.55899320261129
-39.468197284383756,-154.64576287501976,-21.558995506205996
-39.3217746395666,-154.75714920703646,-21.558997303573143
-39.18511375520593,-154.8870995817435,-21.55899961747214
-39.02892950910011,-154.99848600149798,-21.55900136621259
-38.87274507123725,-155.09130826889995,-21.559002669318964
-38.706799222883106,-155.20269477141136,-21.55900437031555
-38.54085300252312,-155.27695297634548,-21.559005174555054
-38.35538420473141,-155.35121379822314,-21.45900586478492
-38.16015321147584,-155.4254722738168,-21.459006505423666
-37.97468343893523,-155.46260235625908,-21.459006304952013
-37.77945225500703,-155.5182966662171,-21.459006505958563
-37.584220711767074,-155.5368626786515,-21.459005809080836
-37.37922758021496,-155.55542877182543,-21.459005059138377
-37.19375726891195,-155.53686638165522,-21.45900352588476
-36.97900220165326,-155.51830425582796,-21.459001826360314
-36.78377030767074,-155.4997419367322,-21.45900024818954
-36.57877665781231,-155.4626155551142,-21.458998166808897
-36.38354459774145,-155.42548907003737,-21.458996149218876
-36.188312541157686,-155.38836257787742,-21.458994137090286
-35.99308031870658,-155.33267192931334,-21.458991679637542
-35.797847933301355,-155.25841712398804,-21.458988775986647
-35.602615387800995,-155.16559816713584,-21.458985428380878
-35.407383017570176,-155.0913433448429,-21.45898253956838
-35.21215048958166,-154.99852436826404,-21.458979207408042
-35.00715567347706,-154.88713889438088,-21.558975378106986
-34.81192316795059,-154.79431989996462,-21.55897205913307
-34.60692892467398,-154.6829368340347,-21.558968245775638
-34.41169627644659,-154.5715536731475,-21.558964493155145
-34.2164634777763,-154.4416063572417,-21.558960298732693
-34.0114692701554,-154.33022326317385,-21.55895651257164
-33.8064750733907,-154.21884015618772,-21.558952731093356
-33.60148020507827,-154.08889047947764,-21.658948511350445
-33.396486035441484,-153.9775073530008,-21.658944749548603
-33.18173029603836,-153.8661242990785,-21.65894094519936
-32.95721283252787,-153.7361771699921,-21.65893665199978
-32.74245681051141,-153.58766580103483,-21.658931972598737
-32.5179393773245,-153.45771864847038,-21.658927700439968
-32.283660226412515,-153.3092074151654,-21.658922945057398
-32.04938109347959,-153.160696169364,-21.6589181995681
-31.80534054804173,-153.0307491329302,-21.65891386346442
-31.551537797648564,-152.88223561982497,-21.758909047039552
-31.307497289546646,-152.75228855310257,-21.758904736175957
-31.053695073536687,-152.60377740623306,-21.75889994609912
-30.790131153252496,-152.43670217417196,-21.758894678825314
-30.52656739896754,-152.28819106872476,-21.758889868678985
-30.272764957040888,-152.10255158139455,-21.758884235639215
-30.009201103357015,-151.93547629594877,-21.758879013316673
-29.735875696058958,-151.76840106822934,-21.758873759777728
-29.472311887545402,-151.6013257467172,-21.758868567351804
-29.198986525892014,-151.4342504810794,-21.758863347039664
-28.925661187595065,-151.2671751955811,-21.75885814334962
-28.652335737245153,-151.08153574749173,-21.75885251565608
-28.369248872324288,-150.91446049481468,-21.758847299387973
-28.0764004579336,-150.74738529119503,-21.758842058342708
-27.793313075528683,-150.56174349444427,-21.85883643832426
-27.51022628883208,-150.3946681820884,-21.858831275264734
-27.227139269566987,-150.19046456117925,-21.858825253945305
-26.924529263250427,-150.0048251978684,-21.85881960680281
-26.631680856267014,-149.819185744496,-21.858814018472778
-26.338832352973686,-149.61498212647072,-21.858808016163565
-26.036222309935173,-149.4107785499777,-21.858801992622915
-25.7433738678467,-149.20657488681803,-21.858796027989733
-25.44076388708127,-149.00237126583195,-21.8587900461062
-25.138153819028094,-148.7796034774467,-21.85878365303089
-24.84530547037639,-148.57539974548502,-21.85877775051386
-24.542695584316938,-148.37119605474055,-21.858771831336135
-24.240085350803806,-148.1669900192086,-21.958765931668516
-23.937475532204807,-147.96278628542305,-21.958760054346754
-23.64462731113206,-147.7585824689524,-21.958754232383463
-23.342017554833284,-147.5543786893445,-21.95874839753843
-23.0394078296801,-147.35017488533623,-21.95874258102056
-22.74655980772001,-147.16453514611027,-21.95873724990713
-22.463473271419925,-146.96033118599576,-21.95873154167652
-22.19014843282507,-146.77469129372804,-21.95872631586674
-21.91682372304347,-146.6076155271976,-21.95872153350132
-21.653260497424547,-146.42197554219547,-21.958716373622664
-21.39945895890085,-146.25489963316767,-21.95871168787118
-21.145657442428195,-146.0878237060305,-21.958707015473834
-20.901617607800063,-145.9393118565173,-21.95870281509238
-20.66733925512574,-145.77223579617126,-21.95869823577012
-20.442822482748223,-145.60515967021402,-21.958693700184753
-20.20854426428264,-145.45664772588856,-21.95868956920384
-19.993789183492385,-145.3081356696328,-21.95868551051923
-19.76927255952218,-145.15962364873945,-21.958681432219144
-19.554517297471897,-145.02967344058632,-22.05867781915466
-19.339762570809853,-144.88116361883382,-21.958673791452966
-19.13476881347073,-144.73264919961454,-22.058669805062124
-18.93953702108246,-144.6027011365747,-22.058666279190717
-18.744305241614494,-144.47275306299994,-22.058662759814915
-18.558835032646314,-144.3428049339063,-22.058659276859153
-18.37336483577642,-144.2128567966665,-22.0586558054909
-18.17813309464024,-144.0829086955228,-22.05865231077241
-17.982901647517036,-143.9529628400793,-21.95864882809765
-17.787669844982798,-143.80445057383903,-21.95864493280301
-17.60219969541064,-143.6745023978594,-21.958641491885658
-17.397206447671763,-143.54455429961024,-21.958638007417825
-17.20197468748699,-143.3960420038241,-21.958634140187677
-16.996981467497058,-143.2660938848043,-21.95863067290309
-16.79198818153561,-143.11758161045987,-21.958626799017168
-16.586994989138883,-142.9876334685852,-21.95862335129503
-16.38200173302666,-142.83912117408113,-21.95861949749802
-16.16724701509042,-142.70917305174453,-21.95861604319971
-15.952492161240645,-142.5420966305809,-21.95861177059769
-15.737737399722555,-142.3935843396046,-21.958607922284386
-15.50345954984381,-142.2450721163121,-21.958604038803365
-15.278943196697078,-142.07799569628702,-21.95859977534645
-15.034903760320852,-141.91091933697317,-21.958595479926878
-14.790864344498313,-141.7438429624555,-21.95859119825814
-14.53706339848851,-141.576766610687,-21.958586908033347
-14.263739306319536,-141.39112616736156,-21.95858217517177
-13.990415239790181,-141.20548570700788,-21.958577462656557
-13.707329649482972,-141.01984525956505,-21.958572743274942
-13.424244296020465,-140.8342069989704,-21.858568043776764
-13.131397144462468,-140.63000239683095,-21.858562932724325
-12.828788535396733,-140.4443619483049,-21.858558230422425
-12.526179895890436,-140.24015733311396,-21.85855313945263
-12.22357128796789,-140.03595269442053,-21.858548070632864
-11.91120122029966,-139.85031220527028,-21.85854340979086
-11.598831128473634,-139.64610754875278,-21.85853836290228
-11.276699522310054,-139.44190289407837,-21.85853332144204
-10.954568001818679,-139.25626235814372,-21.858528709140593
-10.64219800589354,-139.05205762386188,-21.858523728799995
-10.320066498343124,-138.84785289168616,-21.858518754819713
-9.997935023909989,-138.6436481313299,-21.85851380368554
-9.675803582950842,-138.43944334621258,-21.858508874383304
-9.3634337182637,-138.23523851094237,-21.858503983663176
-9.04130230134082,-138.01246952926678,-21.858498698348285
-8.728932502971588,-137.80826464424214,-21.858493850341077
-8.406801196236067,-137.6040597547234,-21.85848901276369
-8.084669922782624,-137.39985483964296,-21.8584841975119
-7.762538645946059,-137.1770857525459,-21.858479005644938
-7.4404074405902705,-136.97288078313028,-21.85847423811869
-7.118276235130395,-136.7501116448061,-21.858469093155037
-6.805906636681662,-136.5459066064168,-21.85846438128604
-6.483775502223651,-136.32313741433234,-21.85845928369349
-6.1714060376096,-136.1003703143483,-21.75845422063898
-5.849274970208157,-135.87760106791333,-21.758449170781475
-5.536905475582543,-135.65483177885162,-21.75844415377147
-5.224536016266882,-135.4320624678951,-21.758439159014337
-4.921928127746327,-135.20929312049017,-21.758434195483538
-4.5997972251609625,-135.00508791574785,-21.75842963213759
-4.287427870284965,-134.78231852853108,-21.758424706283456
-3.965297017223584,-134.5595491283292,-21.758419797188644
-3.652927733085143,-134.3367796910738,-21.758414918599158
-3.340558500510973,-134.13257437345442,-21.758410453298083
-3.0184277535785213,-133.9098048958649,-21.758405613801386
-2.6962970437357896,-133.68703539082225,-21.75840079998472
-2.383927911847927,-133.48282999666426,-21.758396402664147
-2.0715588028414516,-133.26006043434785,-21.758391637290792
-1.7494281993286407,-133.03729085227513,-21.75838689285176
-1.4370591610959096,-132.81452123814773,-21.758382175835834
-1.12469015838316,-132.59175160204,-21.758377481125542
-0.8123211910618053,-132.36898193858323,-21.758372808748724
-0.49995225928758913,-132.14621225181685,-21.758368159497117
-0.18758336226562733,-131.9234425398675,-21.75836353452579
0.12478549898108326,-131.70067280265923,-21.75835893169336
0.43715432529263154,-131.47790304151175,-21.758354352374326
0.7495231241134519,-131.2365711657804,-21.65834941405923
1.0618918881259987,-131.032365496411,-21.658345260828796
1.3840221377972597,-130.80959565416865,-21.658340753393666
1.6963908273829489,-130.5868257889683,-21.65833626667873
2.0185210046002524,-130.3640558932531,-21.658331806437488
2.3308896224344338,-130.1412859783812,-21.658327364572592
2.6530197276540335,-129.91851603211416,-21.658322951912446
2.9653882747054325,-129.69574606401062,-21.658318557092706
3.2777567862097,-129.47297607259748,-21.658314185398197
3.5901252625778426,-129.2502060595578,-21.658309840167632
3.9122552237658113,-129.02743600797075,-21.658305519798724
4.224623628748226,-128.80466594130573,-21.65830121857369
4.536991998795507,-128.58189585070147,-21.65829694086208
4.849360333277545,-128.35912573541265,-21.65829268602935
5.161728608423772,-128.1177914483559,-21.658288080687107
5.474096870944287,-127.89502128379877,-21.658283871549926
5.786465098073421,-127.67225109335902,-21.658279687124427
6.098833356743199,-127.43091872990155,-21.55827515347302
6.723569609871944,-126.96681407128543,-21.55826653118021
7.035937697818191,-126.7440437793568,-21.558262438872028
7.348305715762422,-126.50270931644599,-21.55825800213458
7.660673731710965,-126.27993897298792,-21.558253955821996
7.963280161818737,-126.03860447889801,-21.558249554720803
8.265886593747524,-125.81583410855046,-21.55824554358781
8.548970008394384,-125.61162790302737,-21.55824189381029
8.812530370983907,-125.40742171935912,-21.558238234934016
9.076090748872438,-125.22177966472486,-21.558234958386755
9.329889591838722,-125.03613761485828,-21.55823168327631
9.573926900759076,-124.85049557236272,-21.558228409091683
9.81796418663253,-124.66485351643252,-21.558225150849438
10.0522399879465,-124.49777561385211,-21.558222254472952
10.286515721356807,-124.31213355125048,-21.55821900690892
10.520791531332229,-124.16361976836035,-21.55821649752847
10.745305765399635,-123.99654185157704,-21.558213621944567
10.96005847263445,-123.8294639481289,-21.55821074251495
11.174811161899235,-123.66238603458268,-21.558207875876377
11.389563832965884,-123.49530810752262,-21.558205018664268
11.594555034703632,-123.34679434431058,-21.55820251465667
11.799546165003449,-123.1797164238395,-21.558199663229054
11.994775772578826,-123.01263852360024,-21.558196802609274
12.190005420848529,-122.8641247574597,-21.558194311348572
12.37547349150092,-122.69704686893951,-21.558191454444284
12.560941546922692,-122.5299689694323,-21.558188605408503
12.736648142539245,-122.38145524018947,-21.55818610343281
12.922116167335027,-122.21437732377089,-21.558183273577214
13.0978226734331,-122.04729943244811,-21.55818043481281
13.263767662312723,-121.88022156530782,-21.55817758332622
13.42971270034208,-121.7317078368799,-21.558175095071668
13.585896159593489,-121.56462999141073,-21.558172240070242
13.751841107519532,-121.39755210237293,-21.558169413026448
13.908024540363598,-121.23047424307808,-21.558166576396758
14.064207959912551,-121.06339637627035,-21.55816374658761
14.21062986587686,-120.89631853917842,-21.558160902832796
14.347290259708636,-120.7292407315149,-21.55815804530952
14.483950574047086,-120.54359877332426,-21.558154843874313
14.601087946206512,-120.37652102957755,-21.558151956788365
14.71822517053792,-120.1723149896618,-21.558148376678197
14.825600954048063,-119.98667312876385,-21.558145131666173
14.923215229890545,-119.80103130223793,-21.558141870931678
15.011067929292544,-119.59682536387365,-21.558138246807047
15.079397626627191,-119.39261949945954,-21.558134583651018
15.147727388452687,-119.20697777800117,-21.558131275640015
15.216057000605154,-118.98420776572974,-21.558127280055388
15.264863686915554,-118.7800019704035,-21.558123592901275
15.294147307435495,-118.55723210726818,-21.55811952068013
15.333192418346488,-118.33446220595368,-21.55811547965834
15.342953117626895,-118.13025656320318,-21.55811171921752
15.352713983296816,-117.90748862104181,-21.458107622928907
15.352713043474722,-117.66615472132439,-21.45810316826924
15.323427700770832,-117.44338508021883,-21.45809899416104
15.284380870234337,-117.22061547829514,-21.458094806835355
15.225811062625784,-116.99784594941744,-21.458090578847504
15.16724126162051,-116.77507642093826,-21.4580863582728
15.09890997774188,-116.55230692872848,-21.458082124088122
15.020817447551988,-116.32953929480509,-21.35807787713474
14.923201712806318,-116.10676990769865,-21.358073591274973
14.825585989194067,-115.88400051893046,-21.358069315192814
14.718208789503667,-115.66123116163045,-21.358065026272754
14.591308696125537,-115.4570260212332,-21.3580610370564
14.483931747723073,-115.23425846544008,-21.25805676818849
14.357031610708873,-115.0114891659889,-21.25805246329424
14.230131488362385,-114.78871986455778,-21.258048168373804
14.093469895317053,-114.56595059380854,-21.25804386328852
13.966569802425521,-114.34318128211692,-21.258039587823973
13.820146755367897,-114.12041203595956,-21.258035282893566
13.663962177808394,-113.87907867109894,-21.258030636311794
13.50777761941054,-113.63774530042564,-21.2580260031611
13.341831535250979,-113.3778478095631,-21.25802103146348
13.166123991699823,-113.11795034358991,-21.258016056454963
12.980655193527326,-112.8580546703003,-21.158011074115123
12.804947694173144,-112.59815718357068,-21.15800612941058
12.609717139770293,-112.3011314577126,-21.15800050793557
12.414486615023378,-112.00410572172527,-21.157994906929645
12.209494699190504,-111.72564415526972,-21.15798963045892
12.004502755850403,-111.42861842842476,-21.157984048980857
11.789749366736288,-111.13159272161755,-21.157978470465665
11.584757486224266,-110.83456697282087,-21.15797292987567
11.37976558215033,-110.51897706646608,-21.157967090191484
11.174773764064422,-110.22195129692162,-21.157961590841374
10.960020451498675,-109.90636139655076,-21.157955777008958
10.735505751263624,-109.60933565670055,-21.15795028670309
10.52075255698173,-109.31230988018063,-21.157944836512968
10.29623787523429,-108.99671996856176,-21.157939072286695
10.07172343407225,-108.69969589603217,-21.057933649757473
9.84720881976638,-108.38410595330599,-21.057927930970294
9.622694286425954,-108.08708014622343,-21.057922553236544
9.388418274296392,-107.77149020250016,-21.057916866793725
9.15414234289511,-107.47446439056174,-21.057911518312963
8.919866446711954,-107.17743856499773,-21.057906191362953
8.695352051969913,-106.88041270571051,-21.057900901617835
8.451314760164802,-106.58338687281807,-21.057895606539482
8.217038931286854,-106.26779685905471,-21.057890038776492
7.982763215065955,-105.98933512471157,-21.057885110905538
7.748487579895077,-105.6737467385388,-20.957879588368606
7.504450430452685,-105.37672084252327,-20.957874384728598
7.260413317617189,-105.07969493144822,-20.95786920787996
7.016376241680035,-104.78266900596546,-20.957864049761916
6.782100663046776,-104.48564304863922,-20.957858928783907
6.538063659546641,-104.18861709286418,-20.957853817790692
6.30378815236358,-103.89159110694202,-20.957848740703298
6.0695126799605,-103.59456510584818,-20.957843685005813
5.825475849289287,-103.27897657667042,-20.857838343643365
5.5912004722841075,-103.00051468989922,-20.85783363339241
5.3569251280129,-102.72205279122588,-20.85782894579779
5.132411272861617,-102.44359086450021,-20.857824285346794
4.927420382166524,-102.18369304969133,-20.85781995650796
4.722429518205072,-101.92379522346428,-20.857815646744704
4.536961588907516,-101.66389736512406,-20.8578113666289
4.341732251310717,-101.42256365508086,-20.85780739131745
4.146503002622119,-101.18123152322696,-20.757803430420985
3.961035180166082,-100.95846192855367,-20.75779978568675
3.7755673787438546,-100.7356923269738,-20.757796152869822
3.590099598511177,-100.51292271640318,-20.757792534349413
3.404631855267972,-100.30871724434624,-20.757789219006717
3.20940269630929,-100.1230759226413,-20.75778620282486
3.0239349911069837,-99.91887043239606,-20.757782911826176
2.8287058828748854,-99.75179324049664,-20.757780208567816
2.6334767910197883,-99.58471603608129,-20.757777516308877
2.4284862792576902,-99.43620297830634,-20.75777512002866
2.2234957822557035,-99.28768990994405,-20.757772732464637
2.008743863411226,-99.15774098425926,-20.757770641134506
1.7939919667799344,-99.04635619472865,-20.75776884787218
1.5792400824336568,-98.93497139628845,-20.757767063385693
1.3644882104738443,-98.82358658272955,-20.757765289315216
1.149736360809289,-98.74933005633672,-20.757764095654643
0.9349845152380105,-98.65650936969666,-20.757762626440403
0.7104712403181495,-98.60081697184866,-20.757761737727655
0.48595797198539614,-98.54512455851955,-20.757760855277866
0.2614447108976172,-98.50799628174086,-20.757760268463315
0.03693145519983432,-98.48943368550138,-20.65775997668021
-0.18758180287780135,-98.47086953119563,-20.657759693086653
-0.4023336167517826,-98.48943366530895,-20.657759989130454
-0.6268468784309569,-98.50799778405772,-20.657760293553572
-0.8513601465822553,-98.54512604080091,-20.657760892721605
-1.066111972055662,-98.58225428572487,-20.65776149917712
-1.2711023614085768,-98.63794667255857,-20.657762396869316
-1.476092764110252,-98.71220319673367,-20.657763588614927
-1.6810831739147716,-98.78645971015608,-20.65776478808455
-1.8860735828959925,-98.84215206541603,-20.657765708526846
-2.09106400729911,-98.91640855800249,-20.657766921937615
-2.2960544143549626,-99.00922763855073,-20.75776843332946
-2.5010448519498176,-99.08348410779834,-20.757769662224597
-2.7060353103911154,-99.17630471587606,-20.757771187537628
-2.9012643439086787,-99.28768946931149,-20.757773004149634
-3.116016284854428,-99.39907419711872,-20.75777483984581
-3.3112453411074014,-99.51045893050714,-20.757776673194883
-3.516235890313233,-99.65897194206916,-20.757779101251415
-3.721226437180327,-99.78892079681654,-20.757781246167198
-3.9359784474761454,-99.91886962734819,-20.757783408202172
-4.150730490745747,-100.06738259636244,-20.75778587124578
-4.355721080052788,-100.19733141762183,-20.757788047750815
-4.589996055760114,-100.34584434081476,-20.75779054451752
-4.814509597795546,-100.49435726190036,-20.75779304696006
-5.0390231573899875,-100.64287017114944,-20.757795559983137
-5.273298210091749,-100.8099472030379,-20.757798385971697
-5.507573256609003,-100.95846007166989,-20.757800930603175
-5.751609800224109,-101.12553706180483,-20.75780378999496
-5.995646364639136,-101.29261403536685,-20.757806665075883
-6.249444402810457,-101.45969097923822,-20.757809561745844
-6.493481039847442,-101.64533207113647,-20.757812759010257
-6.757040575752544,-101.8124089661319,-20.75781569456909
-7.010838712623588,-101.99805000927643,-20.75781893283527
-7.284159715012223,-102.14656270341922,-20.757821613500425
-7.547719353652823,-102.33220369384716,-20.757824893023574
-7.821040436543036,-102.49928049833298,-20.757827901894764
-8.094361580166954,-102.68492143263717,-20.75783122696388
-8.37744416724561,-102.85199817961478,-20.757834283328826
-8.641003810195933,-103.05620163044078,-20.857837927450852
-8.92408648435038,-103.24184248347447,-20.857841317947447
-9.197407727454717,-103.42748333762836,-20.857844709941595
-9.480490499488795,-103.63168829851915,-20.857848434553475
-9.763573254405927,-103.81732908996142,-20.857851879437938
-10.046656036213797,-104.00296986137256,-20.857855339955528
-10.329738893805018,-104.20717476292089,-20.857859123039248
-10.622583240354075,-104.41137961403766,-20.85786293940628
-10.905666156593607,-104.61558447373923,-20.85786675923307
-11.198510563708375,-104.81978928384288,-20.857870618393925
-11.501116462712321,-105.02399404324933,-20.85787451209599
-11.803722393701975,-105.22819877986842,-20.857878427507153
-12.106328355837217,-105.43240349306473,-20.857882362830956
-12.40893434872513,-105.63660818216874,-20.857886319574277
-12.721301897306848,-105.85937696711468,-20.85789062550011
-13.03366941983089,-106.06358157746011,-20.85789464502799
-13.34603703748802,-106.28635031069915,-20.857898995964717
-13.668166091619874,-106.49055483752832,-20.857903081210623
-13.980533712921872,-106.69475937250235,-20.857907166905186
-14.302662833434962,-106.89896384696425,-20.857911297569153
-14.624791987440155,-107.10316829529006,-20.85791544981872
-14.95668271256168,-107.32593682976012,-20.857919959418382
-15.27881193464643,-107.530141224637,-20.857924158847077
-15.600941191063384,-107.73434559352441,-20.857928380865076
-15.92307048015946,-107.93854993479984,-20.857932624284558
-16.245199802765722,-108.14275425100814,-20.85793689300702
-16.567329080712277,-108.32839439237637,-20.85794086782039
-16.88945830962473,-108.49547035843966,-20.857944547917157
-17.201826013804162,-108.64398219486657,-20.857947907327272
-17.523955212554053,-108.79249396099985,-20.857951312267254
-17.836322880288172,-108.92244159722152,-20.857954392313765
-18.158451955034934,-109.03382501559051,-20.857957200595393
-18.46105801676616,-109.1266443508162,-20.857959654053055
-18.78318694874296,-109.20089942149534,-20.857961863442185
-19.085792947856785,-109.27515456028743,-20.857964028646002
-19.388398472859574,-109.31227966842096,-20.957965577311533
-19.681242829552268,-109.34940651196462,-20.957967105817936
-19.98384856992444,-109.36796913841968,-20.957968363182445
-20.28645421801287,-109.36796759277723,-20.95796931619384
-20.589059769023095,-109.34940187523233,-20.95796996473188
-20.881903746472304,-109.31227204070902,-20.95797028040213
-21.164986246009903,-109.27514223390531,-20.957970572416293
-21.438307066036643,-109.20088416663816,-20.9579702139442
-21.72138945010923,-109.1451901723293,-20.957970215481794
-21.984948675604485,-109.05236797318764,-20.957969530044146
-22.238746312005674,-108.94098166148794,-20.957968505730868
-22.49254393457735,-108.82959533393901,-20.957967492284
-22.726818600821026,-108.71820910456856,-20.95796642267878
-22.951331458645683,-108.55113047161413,-20.957964380367613
-23.16608293706901,-108.40261603326012,-20.957962630722953
-23.371072453402505,-108.23553579594376,-21.05796054199287
-23.566300845975753,-108.06845730582289,-21.05795842693118
-23.761529110239927,-107.88281465784212,-21.057956008584902
-23.93723430648312,-107.6786079718754,-21.057953215230434
-24.103178130312124,-107.49296548317821,-21.05795070852026
-24.259360471621783,-107.30732305069355,-21.05794817590359
-24.405781216506426,-107.10311652177435,-21.05794530322283
-24.542439980054862,-106.88034422722689,-21.157942090597764
-24.67909922626415,-106.67613775353641,-21.15793920027597
-24.815758458892066,-106.4719312746883,-21.157936319698997
-24.942656094593467,-106.24916070503093,-21.15793309887188
-25.069553834408737,-106.04495427843628,-21.15793019920597
-25.196451442692126,-105.82218370223104,-21.157926998827982
-25.313587415759823,-105.63653982220322,-21.257924387654484
-25.43072404981721,-105.43233510290179,-21.157921475318666
-25.538098655669053,-105.26525543223555,-21.25791914661614
-25.645473770444333,-105.11674155907122,-21.257917127264037